{"version": "1", "message": "ERROR: Hidden Testcases server unreachable.", "problem_id": "ads2_m2_a1_1", "user_id": "shubhamsahu02", "score": {"sample": {"0": {"execution_time": 0.4969370365142822, "passed": true}, "1": {"execution_time": 0.526975154876709, "passed": true}, "2": {"execution_time": 0.5026259422302246, "passed": true}, "3": {"execution_time": 0.3690774440765381, "passed": true}, "4": {"execution_time": 0.47046923637390137, "passed": true}, "5": {"execution_time": 0.5604753494262695, "passed": true}, "6": {"execution_time": 0.49987101554870605, "passed": true}, "7": {"execution_time": 0.6168951988220215, "passed": true}, "8": {"execution_time": 0.42198848724365234, "passed": true}, "9": {"execution_time": 0.4982621669769287, "passed": true}, "10": {"execution_time": 0.4835028648376465, "passed": true}, "11": {"execution_time": 0.44625186920166016, "passed": true}, "12": {"execution_time": 0.5019805431365967, "passed": true}, "13": {"execution_time": 0.3867533206939697, "passed": true}, "14": {"execution_time": 0.49572324752807617, "passed": true}, "15": {"execution_time": 0.47036266326904297, "passed": true}, "16": {"execution_time": 0.5310983657836914, "passed": true}, "17": {"execution_time": 0.6145505905151367, "passed": true}, "18": {"execution_time": 0.5242125988006592, "passed": true}, "19": {"execution_time": 0.5154480934143066, "passed": true}, "20": {"execution_time": 0.6478805541992188, "passed": true}, "21": {"execution_time": 0.4582803249359131, "passed": true}, "22": {"execution_time": 0.8611178398132324, "passed": true}, "23": {"execution_time": 0.7899360656738281, "passed": true}}}, "check_style_score": "1/1"}