{"version": "1", "message": "ERROR: Hidden Testcases server unreachable.", "problem_id": "ads2_m2_a1_1", "user_id": "shubhamsahu02", "score": {"sample": {"0": {"execution_time": 0.6983799934387207, "passed": true}, "1": {"execution_time": 0.5816707611083984, "passed": true}, "2": {"execution_time": 0.42791271209716797, "passed": true}, "3": {"execution_time": 1.1588852405548096, "passed": true}, "4": {"execution_time": 0.5469176769256592, "passed": true}, "5": {"execution_time": 0.5154509544372559, "passed": true}, "6": {"execution_time": 0.6140437126159668, "passed": true}, "7": {"execution_time": 0.6035885810852051, "passed": true}, "8": {"execution_time": 0.5327105522155762, "passed": true}, "9": {"execution_time": 0.5513241291046143, "passed": true}, "10": {"execution_time": 0.4871060848236084, "passed": true}, "11": {"execution_time": 0.4833195209503174, "passed": true}, "12": {"execution_time": 0.5596723556518555, "passed": true}, "13": {"execution_time": 0.599125862121582, "passed": true}, "14": {"execution_time": 0.4884297847747803, "passed": true}, "15": {"execution_time": 0.744736909866333, "passed": true}, "16": {"execution_time": 0.8514018058776855, "passed": true}, "17": {"execution_time": 0.7578482627868652, "passed": true}, "18": {"execution_time": 0.9000730514526367, "passed": true}, "19": {"execution_time": 0.8188691139221191, "passed": true}, "20": {"execution_time": 0.7320587635040283, "passed": true}, "21": {"execution_time": 0.7318413257598877, "passed": true}, "22": {"execution_time": 2.212782621383667, "passed": true}, "23": {"execution_time": 1.0974481105804443, "passed": true}}}, "check_style_score": "0/1"}