{"version": "1", "message": "ERROR: Hidden Testcases server unreachable.", "problem_id": "ads2_m2_a1_1", "user_id": "shubhamsahu02", "score": {"sample": {"0": {"execution_time": 0.5638160705566406, "passed": true}, "1": {"execution_time": 0.476426362991333, "passed": true}, "2": {"execution_time": 0.42877960205078125, "passed": true}, "3": {"execution_time": 0.45981812477111816, "passed": true}, "4": {"execution_time": 0.49530720710754395, "passed": true}, "5": {"execution_time": 0.534315824508667, "passed": true}, "6": {"execution_time": 0.49835777282714844, "passed": true}, "7": {"execution_time": 0.5044717788696289, "passed": true}, "8": {"execution_time": 0.475574254989624, "passed": true}, "9": {"execution_time": 0.46472954750061035, "passed": true}, "10": {"execution_time": 0.48076725006103516, "passed": true}, "11": {"execution_time": 0.45690417289733887, "passed": true}, "12": {"execution_time": 0.5582764148712158, "passed": true}, "13": {"execution_time": 0.5230216979980469, "passed": true}, "14": {"execution_time": 0.5580852031707764, "passed": true}, "15": {"execution_time": 0.5146651268005371, "passed": true}, "16": {"execution_time": 0.5527670383453369, "passed": true}, "17": {"execution_time": 0.5108373165130615, "passed": true}, "18": {"execution_time": 0.6009922027587891, "passed": true}, "19": {"execution_time": 0.9466953277587891, "passed": true}, "20": {"execution_time": 0.5641031265258789, "passed": true}, "21": {"execution_time": 0.47249650955200195, "passed": true}, "22": {"execution_time": 0.9362227916717529, "passed": true}, "23": {"execution_time": 0.9848856925964355, "passed": true}}}, "check_style_score": "1/1"}