{"version": "1", "message": "ERROR: Hidden Testcases server unreachable.", "problem_id": "ads2_m4_a1_1", "user_id": "shubhamsahu02", "score": {"sample": {"0": {"execution_time": 0.507906436920166, "passed": true}, "1": {"execution_time": 0.5774836540222168, "passed": true}, "2": {"execution_time": 0.6687448024749756, "passed": true}, "3": {"execution_time": 0.6149635314941406, "passed": true}, "4": {"execution_time": 0.4696364402770996, "passed": true}, "5": {"execution_time": 0.4827873706817627, "passed": true}, "6": {"execution_time": 0.5654501914978027, "passed": true}, "7": {"execution_time": 0.436004638671875, "passed": true}, "8": {"execution_time": 0.5097160339355469, "passed": true}, "9": {"execution_time": 0.5176999568939209, "passed": true}, "10": {"execution_time": 0.3950202465057373, "passed": true}, "11": {"execution_time": 0.44922566413879395, "passed": true}, "12": {"execution_time": 0.35506343841552734, "passed": true}, "13": {"execution_time": 1.4968795776367188, "passed": true}, "14": {"execution_time": 0.5030307769775391, "passed": true}}}, "check_style_score": "0/1"}