{"version": "1", "message": "ERROR: Hidden Testcases server unreachable.", "problem_id": "ads2_m4_a1_1", "user_id": "shubhamsahu02", "score": {"sample": {"0": {"execution_time": 0.869133472442627, "passed": true}, "1": {"execution_time": 0.7159261703491211, "passed": false}, "2": {"execution_time": 0.9074342250823975, "passed": false}, "3": {"execution_time": 0.6904816627502441, "passed": false}, "4": {"execution_time": 0.641460657119751, "passed": false}, "5": {"execution_time": 0.5697438716888428, "passed": false}, "6": {"execution_time": 0.6281514167785645, "passed": false}, "7": {"execution_time": 0.483569860458374, "passed": false}, "8": {"execution_time": 0.7454144954681396, "passed": true}, "9": {"execution_time": 0.48852109909057617, "passed": true}, "10": {"execution_time": 0.6353175640106201, "passed": true}, "11": {"execution_time": 0.6221616268157959, "passed": true}, "12": {"execution_time": 0.4015803337097168, "passed": true}, "13": {"execution_time": 1.4558501243591309, "passed": false}, "14": {"execution_time": 0.5585851669311523, "passed": true}}}, "check_style_score": "0/1"}