{"version": "1", "message": "ERROR: Hidden Testcases server unreachable.", "problem_id": "ads2_m16_a1_1", "user_id": "shubhamsahu02", "score": {"sample": {"0": {"execution_time": 0.5800051689147949, "passed": true}, "1": {"execution_time": 0.7295880317687988, "passed": true}, "2": {"execution_time": 1.790191650390625, "passed": true}, "3": {"execution_time": 2.8849174976348877, "passed": true}, "4": {"execution_time": 3.381516218185425, "passed": true}, "5": {"execution_time": 1.7607975006103516, "passed": true}, "6": {"execution_time": 1.722630262374878, "passed": true}, "7": {"execution_time": 1.8123657703399658, "passed": true}, "8": {"execution_time": 0.7369277477264404, "passed": true}, "9": {"execution_time": 1.6482489109039307, "passed": true}, "10": {"execution_time": 1.7185790538787842, "passed": true}, "11": {"execution_time": 5.255244970321655, "passed": true}, "12": {"execution_time": 1.9848964214324951, "passed": true}, "13": {"execution_time": 0.6780757904052734, "passed": true}, "14": {"execution_time": 1.790421962738037, "passed": true}, "15": {"execution_time": 2.0352623462677, "passed": true}, "16": {"execution_time": 0.760103702545166, "passed": true}, "17": {"execution_time": 0.7840523719787598, "passed": true}, "18": {"execution_time": 0.6363792419433594, "passed": true}, "19": {"execution_time": 0.7457897663116455, "passed": true}, "20": {"execution_time": 0.6878077983856201, "passed": true}, "21": {"execution_time": 0.7886786460876465, "passed": true}, "22": {"execution_time": 0.6624288558959961, "passed": true}, "23": {"execution_time": 0.7601325511932373, "passed": true}, "24": {"execution_time": 0.490328311920166, "passed": true}, "25": {"execution_time": 1.7606239318847656, "passed": true}, "26": {"execution_time": 1.3418562412261963, "passed": true}, "27": {"execution_time": 1.957810401916504, "passed": true}, "28": {"execution_time": 2.641622543334961, "passed": true}, "29": {"execution_time": 3.6136648654937744, "passed": true}}}, "check_style_score": "0/1"}