{"version": "1", "message": "ERROR: Hidden Testcases server unreachable.", "problem_id": "ads2_m16_a1_1", "user_id": "shubhamsahu02", "score": {"sample": {"0": {"execution_time": 0.6364755630493164, "passed": false}, "1": {"execution_time": 0.5572326183319092, "passed": false}, "2": {"execution_time": 0.8960165977478027, "passed": false}, "3": {"execution_time": 1.0666084289550781, "passed": false}, "4": {"execution_time": 1.0145883560180664, "passed": false}, "5": {"execution_time": 1.030048131942749, "passed": false}, "6": {"execution_time": 0.9767622947692871, "passed": false}, "7": {"execution_time": 0.975785493850708, "passed": false}, "8": {"execution_time": 0.8362851142883301, "passed": false}, "9": {"execution_time": 1.0711040496826172, "passed": false}, "10": {"execution_time": 1.0771055221557617, "passed": false}, "11": {"execution_time": 0.42243504524230957, "passed": false}, "12": {"execution_time": 1.0798225402832031, "passed": false}, "13": {"execution_time": 0.5525376796722412, "passed": true}, "14": {"execution_time": 0.9015166759490967, "passed": false}, "15": {"execution_time": 1.0046160221099854, "passed": false}, "16": {"execution_time": 0.7091531753540039, "passed": false}, "17": {"execution_time": 0.7365341186523438, "passed": false}, "18": {"execution_time": 0.5355124473571777, "passed": false}, "19": {"execution_time": 0.6322298049926758, "passed": false}, "20": {"execution_time": 0.5624091625213623, "passed": false}, "21": {"execution_time": 0.814500093460083, "passed": false}, "22": {"execution_time": 0.6127457618713379, "passed": false}, "23": {"execution_time": 0.672461748123169, "passed": false}, "24": {"execution_time": 0.8094727993011475, "passed": true}, "25": {"execution_time": 0.9487738609313965, "passed": false}, "26": {"execution_time": 1.0867047309875488, "passed": false}, "27": {"execution_time": 1.0324926376342773, "passed": false}, "28": {"execution_time": 1.5298826694488525, "passed": false}, "29": {"execution_time": 0.5901129245758057, "passed": false}}}, "check_style_score": "0/1"}