{"version": "1", "message": "ERROR: Hidden Testcases server unreachable.", "problem_id": "ads2_m16_a1_1", "user_id": "shubhamsahu02", "score": {"sample": {"0": {"execution_time": 1.2149975299835205, "passed": false}, "1": {"execution_time": 0.6731653213500977, "passed": false}, "2": {"execution_time": 1.344330072402954, "passed": false}, "3": {"execution_time": 1.0434033870697021, "passed": false}, "4": {"execution_time": 0.9335794448852539, "passed": false}, "5": {"execution_time": 1.0638303756713867, "passed": false}, "6": {"execution_time": 0.9922356605529785, "passed": false}, "7": {"execution_time": 1.3793411254882812, "passed": false}, "8": {"execution_time": 0.5305867195129395, "passed": false}, "9": {"execution_time": 0.9157323837280273, "passed": false}, "10": {"execution_time": 1.158529281616211, "passed": false}, "11": {"execution_time": 0.5826191902160645, "passed": false}, "12": {"execution_time": 1.3670856952667236, "passed": false}, "13": {"execution_time": 0.8289058208465576, "passed": true}, "14": {"execution_time": 1.2749998569488525, "passed": false}, "15": {"execution_time": 1.5354902744293213, "passed": false}, "16": {"execution_time": 0.6798536777496338, "passed": false}, "17": {"execution_time": 0.6756191253662109, "passed": false}, "18": {"execution_time": 0.7699110507965088, "passed": false}, "19": {"execution_time": 0.9920196533203125, "passed": false}, "20": {"execution_time": 0.8994982242584229, "passed": false}, "21": {"execution_time": 0.6664464473724365, "passed": false}, "22": {"execution_time": 0.6652321815490723, "passed": false}, "23": {"execution_time": 0.7704243659973145, "passed": false}, "24": {"execution_time": 0.5097265243530273, "passed": true}, "25": {"execution_time": 1.771331787109375, "passed": false}, "26": {"execution_time": 1.1473312377929688, "passed": false}, "27": {"execution_time": 1.435884714126587, "passed": false}, "28": {"execution_time": 1.9805233478546143, "passed": false}, "29": {"execution_time": 0.7563350200653076, "passed": false}}}, "check_style_score": "0/1"}