{"version": "1", "message": "ERROR: Hidden Testcases server unreachable.", "problem_id": "ads2_m16_a1_1", "user_id": "shubhamsahu02", "score": {"sample": {"0": {"execution_time": 2.818108081817627, "passed": false}, "1": {"execution_time": 0.9816062450408936, "passed": false}, "2": {"execution_time": 3.892885684967041, "passed": false}, "3": {"execution_time": 1.2212021350860596, "passed": false}, "4": {"execution_time": 1.5497605800628662, "passed": false}, "5": {"execution_time": 1.369128704071045, "passed": false}, "6": {"execution_time": 1.3687427043914795, "passed": false}, "7": {"execution_time": 1.0967650413513184, "passed": false}, "8": {"execution_time": 1.000889539718628, "passed": false}, "9": {"execution_time": 1.3681695461273193, "passed": false}, "10": {"execution_time": 1.2668757438659668, "passed": false}, "11": {"execution_time": 0.6288247108459473, "passed": false}, "12": {"execution_time": 1.5784409046173096, "passed": false}, "13": {"execution_time": 0.8654367923736572, "passed": true}, "14": {"execution_time": 0.9117662906646729, "passed": false}, "15": {"execution_time": 1.3009922504425049, "passed": false}, "16": {"execution_time": 0.899677038192749, "passed": false}, "17": {"execution_time": 1.1753036975860596, "passed": false}, "18": {"execution_time": 0.8477694988250732, "passed": false}, "19": {"execution_time": 1.0125811100006104, "passed": false}, "20": {"execution_time": 0.6171281337738037, "passed": false}, "21": {"execution_time": 0.8558039665222168, "passed": false}, "22": {"execution_time": 0.9132144451141357, "passed": false}, "23": {"execution_time": 0.9386818408966064, "passed": false}, "24": {"execution_time": 0.7301845550537109, "passed": true}, "25": {"execution_time": 1.5204482078552246, "passed": false}, "26": {"execution_time": 1.3852019309997559, "passed": false}, "27": {"execution_time": 1.2532732486724854, "passed": false}, "28": {"execution_time": 2.598747730255127, "passed": false}, "29": {"execution_time": 1.1833291053771973, "passed": false}}}, "check_style_score": "0/1"}