{"version": "1", "message": "ERROR: Hidden Testcases server unreachable.", "problem_id": "ads2_m16_a1_1", "user_id": "shubhamsahu02", "score": {"sample": {"0": {"execution_time": 0.6548628807067871, "passed": true}, "1": {"execution_time": 0.6011767387390137, "passed": true}, "2": {"execution_time": 1.4810938835144043, "passed": true}, "3": {"execution_time": 1.7800984382629395, "passed": true}, "4": {"execution_time": 1.5876615047454834, "passed": true}, "5": {"execution_time": 1.6517183780670166, "passed": true}, "6": {"execution_time": 1.3804030418395996, "passed": true}, "7": {"execution_time": 1.4108879566192627, "passed": true}, "8": {"execution_time": 1.3699867725372314, "passed": true}, "9": {"execution_time": 1.7255024909973145, "passed": true}, "10": {"execution_time": 1.8015060424804688, "passed": true}, "11": {"execution_time": 4.881874322891235, "passed": true}, "12": {"execution_time": 1.8181204795837402, "passed": true}, "13": {"execution_time": 0.4964919090270996, "passed": true}, "14": {"execution_time": 1.8012983798980713, "passed": true}, "15": {"execution_time": 1.6917541027069092, "passed": true}, "16": {"execution_time": 0.8410553932189941, "passed": true}, "17": {"execution_time": 0.6342794895172119, "passed": true}, "18": {"execution_time": 0.7846107482910156, "passed": true}, "19": {"execution_time": 0.7833218574523926, "passed": true}, "20": {"execution_time": 0.7404360771179199, "passed": true}, "21": {"execution_time": 0.647258996963501, "passed": true}, "22": {"execution_time": 0.7798323631286621, "passed": true}, "23": {"execution_time": 0.6779959201812744, "passed": true}, "24": {"execution_time": 0.5259480476379395, "passed": true}, "25": {"execution_time": 1.7174890041351318, "passed": true}, "26": {"execution_time": 1.2849891185760498, "passed": true}, "27": {"execution_time": 1.7908494472503662, "passed": true}, "28": {"execution_time": 2.5040602684020996, "passed": true}, "29": {"execution_time": 2.3463408946990967, "passed": true}}}, "check_style_score": "0/1"}